﻿<?xml version="1.0" encoding="utf-8"?>
<DacOrigin xmlns="http://schemas.microsoft.com/sqlserver/dac/Serialization/2012/02">
  <PackageProperties>
    <Version>3.1.0.0</Version>
    <ContainsExportedData>true</ContainsExportedData>
    <StreamVersions>
      <Version StreamName="Data">2.0.0.0</Version>
      <Version StreamName="DeploymentContributors">1.0.0.0</Version>
    </StreamVersions>
  </PackageProperties>
  <Operation>
    <Identity>df263ae0-ca73-485c-a310-aa6f94078a87</Identity>
    <Start>2024-12-19T09:49:43.7685169+07:00</Start>
    <End>0001-01-01T00:00:00.0000000</End>
    <ProductName>Microsoft.SqlServer.Dac, Version=162.0.0.0, Culture=neutral, PublicKeyToken=b03f5f7f11d50a3a</ProductName>
    <ProductVersion>162.2.111.2</ProductVersion>
    <ProductSchema>http://schemas.microsoft.com/sqlserver/dac/Serialization/2012/02</ProductSchema>
  </Operation>
  <Server>
    <ServerVersion>Microsoft SQL Server 2022 (RTM) - 16.0.1000.6 (X64) 
	Oct  8 2022 05:58:25 
	Copyright (C) 2022 Microsoft Corporation
	Developer Edition (64-bit) on Windows 10 Pro 10.0 &lt;X64&gt; (Build 22621: ) (Hypervisor)
</ServerVersion>
    <ObjectCounts>
      <DatabaseOptions>1</DatabaseOptions>
      <DefaultConstraint>7</DefaultConstraint>
      <ForeignKeyConstraint>8</ForeignKeyConstraint>
      <Index>9</Index>
      <Login>1</Login>
      <PermissionStatement>3</PermissionStatement>
      <PrimaryKeyConstraint>30</PrimaryKeyConstraint>
      <SimpleColumn>213</SimpleColumn>
      <Table>30</Table>
      <User>1</User>
    </ObjectCounts>
  </Server>
  <ExportStatistics>
    <SourceDatabaseSize>15896</SourceDatabaseSize>
    <TableRowCountTotalTag>52</TableRowCountTotalTag>
  </ExportStatistics>
  <Checksums>
    <Checksum Uri="/model.xml">C6D20BAF963D0311413E11EFF2D9A22172C403F63F7D8F0563E1A435121E8235</Checksum>
  </Checksums>
  <ModelSchemaVersion>2.9</ModelSchemaVersion>
  <DataPhaseTables>dbo.OnStreamInspection,dbo.PipeSupportInspection,dbo.SpringHangerAndSupports,dbo.CUIManagement,dbo.MasterPlaningInspeksi,dbo.VisualDetail,dbo.__EFMigrationsHistory,dbo.AspNetRoles,dbo.AspNetUsers,dbo.Users,dbo.AspNetRoleClaims,dbo.AspNetUserClaims,dbo.AspNetUserLogins,dbo.AspNetUserRoles,dbo.AspNetUserTokens,dbo.MasterDataInspeksion,dbo.HighlightIssue,dbo.PerizinanLayakOperasi,dbo.Coi,dbo.ResidualLifeAssessment,dbo.SertifikasiBapeten,dbo.SertifikasiDisnaker,dbo.UndangUndangPeraturan,dbo.PipingClampManagements,dbo.PekerjaKualifikasi,dbo.MonitoringContract,dbo.SistemTataKerja,dbo.CodeStandard,dbo.MateriTraining,dbo.LembarIlmiah</DataPhaseTables>
</DacOrigin>